eco_code,Annual crops,Permanent crops,Pasture,Urban,Extensive forestry,Intensive forestry
World average,2.88099212419344,2.3129767004833,1.87597287662945,4.43036585855425,0.607916930821874,1.47821987380738
AA0101,46.7075031698451,35.0460601640819,24.3806165503973,NaN,14.3063063850092,30.2713566520278
AA0102,26.6406256828674,23.9011880084305,12.2021900790148,38.0164777653392,5.1586361558453,18.5415704929914
AA0103,46.8269396342867,35.2232276149009,18.9911836825203,67.6995966351544,13.7535301174152,29.253490775359
AA0104,16.2257224084545,13.6827672100873,7.2696967108866,24.3794925389127,3.9791105572875,11.6807646386395
AA0105,2.32526689482085,1.61371575486236,1.35700800021284,3.5044234257272,0.699872451073068,1.4745810696026
AA0106,8.35660432926284,6.60339331964588,3.22348691302466,12.4159270053097,2.44856028736023,5.53805576348205
AA0107,19.0353411260103,15.6559757867864,10.8994837447873,28.7096684537031,4.94553142545112,12.8027283626745
AA0108,25.3689600083619,18.8555899479218,18.7085458372736,37.9764835672965,4.51170622686443,15.6456165885883
AA0109,NaN,NaN,47.900131579591,NaN,NaN,NaN
AA0110,145.029601891862,104.702301241448,89.0407935457062,NaN,38.4021727138987,94.4589814622583
AA0111,6.55062067659886,5.01578176061045,2.57873447228499,9.40252840253773,1.95565393645477,4.0424664599622
AA0112,10.4113043238472,7.33217426812874,5.21805728107545,NaN,3.35518898348532,6.3018380497438
AA0113,7.76033983735834,6.4101288163761,5.1023462706031,10.7099766088597,1.93233483097852,5.05297841952569
AA0114,NaN,NaN,1310.85849515675,NaN,NaN,NaN
AA0115,2.81864577117873,2.26360494301665,1.12802563196911,4.23825761612859,0.874915642916452,1.79419605904373
AA0116,9.76982611395721,7.37144783747886,4.56229614316104,14.6604497915109,2.87267756931618,6.67083439595342
AA0117,12.9946825132341,9.89293780823685,7.9989599427428,19.5596191136775,3.35404907159511,8.08718120354104
AA0118,10.5370882206938,8.20509535073007,4.39679829526109,15.9509574081762,3.01526064031399,7.14203783671123
AA0119,8.51637029803434,6.44666902384252,3.94382310872621,12.6138780379421,2.65176823926148,5.46356285362994
AA0120,5.8993239123377,4.71463821959942,2.84973379327231,8.90972503561043,1.6963901114405,3.74212856625662
AA0121,2.73773367318203,2.26597739437541,1.05032034343505,3.90371842410609,0.678972488879972,1.65452511967994
AA0122,2.68396295455075,2.05048299718675,1.07069764355348,3.78365723265912,0.768663823424768,1.61361364729188
AA0123,3.14372889786027,2.47649296778415,1.34287788456344,4.37941061151299,0.751181742938966,2.0095845744277
AA0124,2.98959057342683,1.77969118450133,1.17683600970003,4.17547990080097,1.01185773736798,1.67955883652704
AA0125,34.1208908242263,24.9454810272108,20.3282074754819,49.4055691943607,9.11191535859052,21.9969664753311
AA0126,6.16944926322257,5.42490154884563,3.12351247641245,8.94996175889423,1.33532839045969,4.20954998138091
AA0127,12.3082938279176,10.4932002349253,7.30192504436313,18.8405859940968,2.97039216715772,8.95998269968895
AA0128,4.58550326268958,3.88279573358019,1.84443007372854,6.76547308666202,1.26325707793467,3.13076050585293
AA0201,2.90945846790054,2.8322083752734,1.43908108523914,4.60386002042714,0.665262416430681,1.51757838319029
AA0202,6.9365746791255,7.20018249974774,4.49525571870442,11.8989642281699,1.29843841334448,3.81246183432775
AA0203,6.74527382330856,7.07422808622944,3.51218532293263,NaN,0.955526236587641,3.76421896997765
AA0204,2.73276402601766,2.69885537942528,1.5392998276793,4.28045148675278,0.517488624516055,1.38537197563505
AA0401,NaN,NaN,155.741507889583,NaN,NaN,NaN
AA0402,5.00829108943617,4.85082267299267,3.81856926890576,9.5515924099637,1.17747508442241,2.5467016660149
AA0403,4.21743825126101,4.95074313978103,4.88721287599918,NaN,0.49361673570547,2.08906588134957
AA0404,4.53804802659714,5.81326713655207,5.2776070995039,10.5933597675387,0.676769688301444,2.78840878352438
AA0405,1.64365017500074,1.57823136421927,1.12088596034403,2.63842971180548,0.185044448983533,0.67559501228687
AA0406,4.75374736535451,4.92645757443106,3.14354447606493,7.96035509441565,0.568015005864935,2.20521342340754
AA0407,40.2532462745125,50.7257152974843,46.2717897206787,NaN,5.78403293161973,23.4268542168987
AA0408,8.10120377930163,9.17391618589062,7.09040850882976,15.1444318778461,0.996516799950163,3.85690561435491
AA0409,4.29633148461506,3.58753851081226,2.15928589255005,6.41558532931013,0.820663432820509,1.99769938569168
AA0410,8.94345849003684,8.74998022736553,4.86134902544655,14.5655637192435,0.952092021549129,3.74484239319421
AA0411,13.9059635955407,13.0176886662501,10.0816724483834,26.9131308621981,2.77725795737195,6.74381571291447
AA0412,12.3362015746119,12.9218648182842,10.7115769171433,27.7950551613629,3.1163631695271,6.79818364782206
AA0413,7.92203150630533,8.2346817373177,6.86670312150082,17.2262329134756,1.95064849724305,4.21272439470573
AA0414,10.0933310422408,14.6052240825212,13.7961912896093,NaN,1.38818828417361,6.29905904701144
AA0701,NaN,NaN,0.563108560603166,1.20900517647743,0.078710673073024,0.270094565659895
AA0702,0.440853069503925,0.393244150580594,0.37196820935847,0.821114092567112,0.057706725351103,0.175457755027997
AA0703,0.936013490408359,0.868772994371387,0.855812537005112,NaN,0.139125335215995,0.420209270596685
AA0704,0.379778682535681,0.348912914112558,0.328095893651531,NaN,0.055598743652469,0.157071093099576
AA0705,0.909189206502089,0.830991193375414,0.844164812539855,1.8148990549828,0.147502230783476,0.362319941976998
AA0706,0.42785826980649,0.417458610609804,0.357734446193381,0.770108486614863,0.049723418030071,0.189543310877225
AA0707,0.270754743053448,0.235666464746281,0.228464236743861,0.487786973410188,0.032511801068272,0.104958912447704
AA0708,3.43765760489237,3.48384416390273,1.51289184540763,5.84969170579521,0.952281044199302,1.94614661760501
AA0709,0.44384287815869,0.411541574676178,0.387029843697604,NaN,0.057785741728336,0.184480101858
AA0801,1.12286684240872,1.09722102293859,0.555545140324121,1.6680540766331,0.141906212215311,0.551198077692312
AA0802,1.3947428449319,1.14747211176956,0.956974424366448,NaN,0.153959164654464,0.575665550871271
AA0803,1.29403122861287,1.04192684357568,0.838543159532648,1.94046026848448,0.166578593233299,0.537829551962157
AA1001,16.7383085012327,17.4777717811902,11.9253616301427,NaN,5.72259730862836,10.2898390876765
AA1002,10.709294760931,9.55480744005455,9.0975715544755,17.7980733036155,1.85424255930887,6.97339345360161
AA1003,1.37427616318135,1.4442206371707,1.22135440575023,2.37649599342883,0.120608849588633,1.09406842506134
AA1101,NaN,NaN,20381.2008742528,NaN,NaN,NaN
AA1201,2.9912641284539,2.48030799505638,2.36434590620765,4.56839944922873,0.345232294125705,1.22513116080447
AA1202,4.099551329148,3.1002080481748,2.29750594199387,5.47040698063127,0.524003970025032,1.50521554843661
AA1203,8.51675203150957,7.16299816641097,4.19207107800175,12.482208281007,1.13496872024161,3.80321004520916
AA1204,30.500804022951,25.9796954034158,20.2885354730872,49.8936453802584,5.47264757624164,12.5274130312784
AA1205,27.4152944877252,22.0447927379879,15.2488204146809,39.8574232307955,3.74376425937215,11.031082618461
AA1206,23.2905961153267,18.7032885046881,10.1296580797823,32.2778224621403,3.66932177836721,10.410229422647
AA1207,2.96716601806035,2.4575071347234,1.7032943239112,4.62643101629602,0.378415872309433,1.21934251447663
AA1208,17.135955673423,13.8935779159105,7.97518119654635,24.579973044974,2.72256136991878,7.70691451056791
AA1209,3.52168147510912,2.75695967318647,1.91983265411686,5.12820314666346,0.441531320800368,1.36243115325992
AA1210,8.51809071134904,6.49450417145582,4.65046766936637,12.1678511621558,1.25854300899779,3.32229352949844
AA1301,2.55963295732802,2.43867023856904,2.08453515154002,4.47946850523754,0.335262800380486,1.13642737680031
AA1302,0.80841754045191,0.761494020994308,0.638342151424786,1.38642081769187,NaN,NaN
AA1303,0.987499949926533,0.908032689587383,0.784181838077611,NaN,NaN,NaN
AA1304,0.295099661984099,0.253401473111329,0.242701386698275,0.516542004828997,0.041494877753632,0.13177296369121
AA1305,0.473326431252245,0.449232169504599,0.376849268748312,NaN,NaN,NaN
AA1306,0.899302501361879,0.87076727047261,0.697918870817585,NaN,NaN,NaN
AA1307,1.25886922300647,1.2084035129001,1.03951465244992,2.310951277836,0.173762439484087,0.588955063679772
AA1308,0.345061105516855,0.313248367532854,0.302995757460463,NaN,0.045590931886391,0.153876713951236
AA1309,0.661099778479795,0.629841997317971,0.560645774823775,1.19247527969087,0.089111039272627,0.29386485330619
AA1310,0.485915711665879,0.439213583656107,0.386163676689566,NaN,0.063246316848936,0.211316223890512
AA1401,5.49866994249546,5.80266821389749,2.25567105463737,10.2969505264849,1.79678571932834,3.6315151329268
AT0101,8.39742266766686,6.35353910690374,4.56145220192836,11.7019030411925,1.45442678301247,5.89281457002476
AT0102,3.21302444778027,2.35169942341806,1.89973046302172,4.38875944084966,0.723173261078265,2.06310940990934
AT0103,16.0817743907285,12.0157372432845,8.25200215468406,22.0016859428645,3.58829223999027,10.7845237483191
AT0104,1.3572924085007,0.970672487268927,0.58096652199498,1.83032156920295,NaN,1.08520243604209
AT0105,39.2043888365953,33.5138774279759,22.9358406649242,50.5087154072317,6.58189152508234,27.0690895642241
AT0106,26.0830455229298,20.0450531117103,12.0899102571733,33.4320477923143,5.16054776515841,16.2734571062837
AT0107,13.4111071481831,9.82455297363167,5.99515093028027,17.7431112623816,3.4175294708726,8.69032985220928
AT0108,9.79895827463845,6.89295479571547,6.35955354439181,14.219401583964,1.71459162117158,6.05162249260412
AT0109,24.4897887098118,16.9990254869272,14.9870504138392,36.1873924216904,5.11802956629776,14.597168178236
AT0110,5.46278143154953,3.95100299256087,2.24573927231891,7.69523961444072,NaN,4.5205717758807
AT0111,4.02084010941757,3.45149513550904,1.65730151346554,5.18913256694261,0.633320626134083,2.46784174910739
AT0112,2.27446443048177,1.61417133360657,1.43838550620622,3.16543004044253,0.39012443370084,1.40686784156779
AT0113,NaN,NaN,331.194281456646,NaN,NaN,NaN
AT0114,13.8710408126224,9.82414658891678,9.46962892179125,21.0405486254893,2.48103301768199,8.55292932154662
AT0115,78.5526737655773,59.3725473465523,54.5253689797279,121.008823335432,13.4914749679647,52.4504890107596
AT0116,27.6285019405887,21.0428520822719,13.3747536867165,35.4124871480662,5.21788889732316,17.6577706010902
AT0117,3.72872098781807,2.5340093029396,2.11272640235707,4.48557585210656,0.750004513302939,2.0712767009646
AT0118,2.14760886651711,1.46646999938952,1.61415285609169,3.00620279022232,0.322031031892829,1.20587617983187
AT0119,15.2384946997743,11.032368959148,9.92342994648875,22.2136778348152,2.99127188609943,9.31187448981602
AT0120,18.3208144621476,14.5599602904149,NaN,22.4123244483226,3.42373343002972,12.3611389036591
AT0121,427.046188741771,310.346778549958,193.352954309172,592.625534160095,111.435088494138,293.336103414385
AT0122,26.354166075237,19.5842941268072,12.2648085225601,36.2825654729542,6.32425976022385,17.0627971059133
AT0123,8.51396081468068,6.41804258964974,4.14087566643988,10.9109450685072,1.82632641889641,5.4502749767651
AT0124,1.58360011253559,1.12322485270393,0.671515022792789,2.15343727110928,0.252044156240572,1.26301118564237
AT0125,4.90308636690965,3.45207017854403,3.19649238059225,7.32337368123481,1.00648966373753,2.74750479345303
AT0126,1.40475092584611,0.956302710566477,0.708293082878815,2.09289208923776,0.402844793209122,0.91071912665441
AT0127,60.6803703694975,54.3270231695532,39.362141559286,92.6733124115914,11.1361666256184,NaN
AT0128,3.22784913702079,2.46926461288757,2.16981453325113,5.10170287570587,0.72911817816168,2.00391474661395
AT0129,2.73127698191005,1.94583733374909,1.43831190562381,4.04903970528407,0.505818623486628,2.24882516931305
AT0130,2.87032459147553,2.07340502400556,1.68583939307665,3.87868994571311,0.53583914414108,1.72184596441362
AT0201,11.5090466385997,11.545084756005,4.88020719854001,18.9366877464095,NaN,9.31217732688725
AT0202,1.52340261248035,1.20478197367096,1.22837026962208,2.48793950121517,0.192584999305219,0.572074605728478
AT0203,6.03187918095403,6.13220360912052,5.62162905013332,13.2151203037723,1.35983018850009,2.98652996539323
AT0701,0.107820854400816,0.100435051130576,0.090218566073546,0.237182676885228,0.03005104443522,0.046827910582091
AT0702,0.582808113844438,0.460365065522593,0.474678488770738,1.05079130861768,0.066639800587366,0.190731436620945
AT0703,NaN,NaN,26.4795341526983,NaN,NaN,NaN
AT0704,0.083446828883502,0.074954823169861,0.053790633519915,0.157480977829299,0.014009637993922,0.046886243647212
AT0705,0.094536829990487,0.082191100086507,0.07402664704218,0.17806599469504,0.018471692028045,0.034073127888413
AT0706,0.142876656286341,0.130787573152671,0.107909403116416,0.282349150053153,0.028495015084301,0.057131263947993
AT0707,0.14390566090212,0.112830947289917,0.093638124918267,0.24868833232431,0.02458468683875,0.051569008742318
AT0708,6.41340074090236,5.45521627208301,4.5514950577498,NaN,0.974498402840608,2.48470092521741
AT0709,0.097012585375323,0.091115417673584,0.092885060645328,0.203095426186434,0.013199800905631,0.041838680749701
AT0710,10.0050999789692,9.31234970927663,3.92208507296979,NaN,1.59063259297762,4.88399198205022
AT0711,0.338651584392302,0.264894897932804,0.274088244368723,0.628747197879483,0.046624085105344,0.129292247392735
AT0712,0.112319793290944,0.115630453132774,0.068885096273399,0.241125833065999,0.034528863877054,0.070591441372365
AT0713,0.029482758173446,0.024002741992595,0.024852049559958,0.055245899197954,0.003706326391681,0.011264981351699
AT0714,3.52769957806697,2.91441744988063,3.02052525938006,NaN,0.501435047387997,1.41594030103408
AT0715,0.12251996063723,0.104329384898227,0.110040778275822,0.235480183577131,0.015482554338003,0.04545472558879
AT0716,0.442573663445736,0.339523011600408,0.320632660056897,0.783709038120625,0.062821754386557,0.177140180607528
AT0717,0.411263372788852,0.309198828245902,0.291006086760345,0.687397111175964,0.060963323808472,0.165984487720219
AT0718,0.151928533014017,0.161090729304716,0.087014552264292,0.331177481101257,0.0189466550379,0.140829232235132
AT0719,0.208763024476375,0.177189136144774,0.164750128894227,0.398954792308697,0.045603970925949,0.080268034191822
AT0721,0.732103144126926,0.634646865992231,0.378744546453147,1.2484033460088,0.125544070150456,0.307897193491802
AT0722,0.069693139545775,0.050909233959472,0.041738476353972,0.107160504662922,0.009844240299996,0.025531866910787
AT0723,0.16522328569507,0.179324498952979,0.136302381953536,0.368355318218782,0.041534663454572,0.093598649907
AT0724,1.38368740578635,1.27620170019239,1.26076110725439,3.1053205490008,0.278095623766664,0.520964459072238
AT0725,0.211884533447908,0.170035823884698,0.14902408437577,0.38103436905102,0.036287914556714,0.07980330617144
AT0726,0.291862887064819,0.275366476140977,0.284559216913448,0.582068475314067,0.04571265282058,0.115007916501881
AT0801,NaN,NaN,2.02899711953732,4.02282384362312,NaN,0.88896191290246
AT0802,NaN,NaN,59.7698967229572,NaN,NaN,NaN
AT0803,NaN,NaN,925.820437186524,NaN,NaN,NaN
AT0901,39.6808047914709,32.2601917778399,37.9598384383488,NaN,6.00804289911874,15.9550911729281
AT0902,5.89662592825474,5.45583684545881,6.63227932511332,NaN,NaN,NaN
AT0903,1.96742728379393,1.91443860599077,1.71124847339914,3.74056646567954,0.263872551382168,0.921146399309581
AT0904,5.12341921363469,4.19581197182667,3.35120738163801,8.35644270562676,0.718714522467507,2.17992320310076
AT0905,0.748505017722184,0.65056456715728,0.647829942557637,1.38771871716047,0.098447477021257,0.292145754617762
AT0906,4.30606844261384,4.71467641870674,3.93340831502207,9.13815360740196,1.16694945508986,2.12942721921467
AT0907,1.00914247977797,0.839986611614969,0.860344592590202,1.83078465555707,0.200890436199181,0.456170226248603
AT0908,1.78649086842098,1.75195198340633,1.89927680172441,3.95201704564252,0.308050030212146,0.87293432483689
AT1001,6.12675647444148,5.88654275118512,5.25873085473863,12.8531928326129,1.58922730369496,3.2266098947389
AT1002,2.24821169146938,2.04758490197761,2.0708122033428,4.32687068471586,0.437064471818529,1.11522787689778
AT1003,12.3156269952814,11.0293406655779,11.1147140017523,23.4336628798936,1.65954511384815,6.06394321992051
AT1004,1.35721768866733,1.11080205469072,1.01850339291517,2.33008643482769,0.210661315917314,0.689424175072076
AT1005,18.3098749594766,12.77370312507,15.7381140427621,32.818767016218,3.30699303179802,7.39532970412464
AT1006,20.8589402627975,19.4191096863592,14.4998440498647,44.6588175370781,6.95268759679052,11.1030211294784
AT1007,1.20351870743786,1.01243126186222,0.632281090581544,1.90853242527846,0.201373559875812,0.572097331476353
AT1008,7.2996723937069,6.09070493340785,3.66405495643094,11.6157464389286,1.37976608225525,3.78735056746943
AT1009,1.47552739786416,1.14920361160622,0.912995766413837,2.32561785066194,0.220126174458171,0.709288183782733
AT1010,9.33931222753389,6.50164093650867,4.46013727515215,11.9813003956823,1.53332925781868,4.00899047818559
AT1011,39.2107615780131,31.093674577817,30.4299474840383,NaN,5.64889545217974,21.6631119895513
AT1012,9.30506547300119,7.8398127061438,5.79077102775858,15.7751347593599,1.68806290318755,4.84349894547462
AT1013,28.6018171812809,23.8674168339793,16.703541927793,48.0999064387904,4.73422221197913,13.738513732625
AT1014,23.0559102704273,17.9270397320907,14.0210709657161,35.8329039908931,3.75155471065944,11.1136815789753
AT1015,6.72003909094208,5.34209192163834,4.96853248096048,12.0766390745738,1.38089733592374,3.2728158769105
AT1201,26.6856651912219,24.267023523394,22.6374437903179,49.3356022440334,3.98103514716075,12.3493740820464
AT1202,19.8139331898024,14.8686994785516,11.1737965038302,28.894117706015,2.73893507659541,7.81275372739602
AT1203,19.3077287237045,13.7564146440339,13.1664502493639,26.9007156769387,1.96225536839719,6.70396681849785
AT1302,1.97152689388998,1.85306630320926,1.89128236750712,3.70826946656266,0.261457892422807,NaN
AT1303,4.39249985891791,4.17328574681931,4.55070527967604,NaN,NaN,NaN
AT1304,NaN,NaN,25.3898035513303,46.7583732255738,NaN,NaN
AT1305,1.47664606548738,1.45518600087848,1.59095274015124,3.01209156070122,0.221092953979801,0.707785999863533
AT1306,1.8689175507736,2.04718845196548,1.84318375957616,3.87752685025815,NaN,NaN
AT1307,6.51585362577028,5.29017578615997,6.1827642092041,11.9942427345741,NaN,NaN
AT1308,NaN,NaN,347.321996005319,NaN,NaN,NaN
AT1309,0.595263170989745,0.50280262986334,0.530459923923024,1.09811328915939,0.07823835727432,NaN
AT1310,3.10209544463571,2.90289892994859,3.27001204200094,5.92849484440832,NaN,NaN
AT1311,4.8108663861526,4.14217925675333,3.96433810761887,8.13553839568688,0.630581496938009,2.09759116629501
AT1312,2.41471564207588,2.24562073039866,2.14251370405002,4.41993548937817,0.321994780436654,1.040884764423
AT1313,2.65010455906546,2.28380593905387,2.8554924720705,NaN,0.369643910687199,1.16551745524535
AT1314,0.943914076287872,0.805086655124129,0.856207023151103,1.85360081275912,0.124921140637794,0.37958896026178
AT1315,NaN,NaN,1.56378948116173,2.78891669362857,NaN,NaN
AT1316,1.458649519393,1.28653437117192,1.38383300946999,2.75905762669834,0.196505055094048,0.634477835396213
AT1318,22.5274015499895,22.0729322316586,13.6837737283803,NaN,NaN,NaN
AT1319,3.25011841579532,2.62961658721827,3.10320462292031,NaN,0.400425994523155,1.27910825808925
AT1320,0.664010722606903,0.584742717764015,0.657805631342251,1.27027361341433,0.092838295876127,NaN
AT1321,1.73230320343298,1.3063423475932,1.58908400248957,2.94454559233481,0.185371088293066,NaN
AT1322,3.18010527417303,2.65339361194659,2.92989711550607,5.29578881692507,0.316307056831552,1.17484652589374
AT1401,3.73663374031354,3.75016698157666,2.4687082865157,6.81933403161416,0.937218822811837,2.33282424229693
AT1402,7.04325900907533,7.57067575188286,5.65482722048423,14.4918856718909,1.63896751042742,4.17456813645236
AT1403,4.60624682727268,4.76464941235654,3.33791909489097,8.56875561481113,0.896166776678274,2.62405167248857
AT1404,11.5050700059083,10.8273252219186,11.3290362810075,25.0439095041039,2.26177384574058,6.04973154332333
AT1405,135.404470911213,137.350248932048,72.4337224187436,230.651936463452,30.5775048071332,87.9553804692717
IM0101,36.8047863714456,31.0822365915653,18.275730554665,50.4002580391198,7.41987540799087,28.8940470807748
IM0102,2.57779556322207,2.01665479540507,1.12374820369939,3.38541052929193,0.631926800988423,1.52831773185366
IM0103,4.6361881633822,2.95095595386015,1.86904455123018,6.70502711778086,1.59906541350688,2.67566220568005
IM0104,8.74717995212475,6.80515877989629,3.74117075170739,12.593511982185,2.19187773995357,5.1468183715403
IM0105,15.408043382787,10.8976326005343,7.18548155075098,19.4387929682155,3.10925953778852,9.70767246275
IM0106,14.0611945270818,9.73859673007488,7.0349762818731,18.0794928202695,3.09664182865807,8.47121069492141
IM0107,21.2340508177347,15.4051361647742,8.97958521527926,26.7187555372607,3.958292494465,12.3566535128179
IM0108,39.7324533551954,29.2080486816216,19.2545130867189,50.9207297684293,7.26003926702932,23.2376045756214
IM0109,17.3972352036637,12.538281617509,11.4932966623176,28.320255507608,4.02525114679597,11.8315932490557
IM0110,NaN,NaN,22.2913935915613,NaN,NaN,NaN
IM0111,1.77562035269695,1.3012533988291,0.823026344637374,2.33065608988255,0.380274483782925,1.14678751505432
IM0112,25.9992755825067,21.5011778078047,10.8787324766276,34.3680432791206,4.6133329385227,14.667187781609
IM0113,13.6263963862111,11.6300899951996,5.96265836965085,17.4943102281531,2.02790499466725,8.0855270751521
IM0114,19.9279862928405,17.3952511955067,NaN,24.2129934430166,2.91301919667335,11.8031332064977
IM0115,16.7666332486332,11.1782274729614,7.91346540375637,22.1748252744115,4.31448666207489,10.5187419661466
IM0116,32.8239943424311,25.8300304596165,14.9488028756691,42.8845280226226,5.76780653792463,21.4700736739048
IM0117,5.41728333008408,3.52424959337471,2.58639023350324,7.04116365777284,1.34448961136249,3.13894707952338
IM0118,1.71289283954999,1.27919258079,0.950527187344522,2.24982386021352,0.325249452034939,1.1294979725798
IM0119,8.06789470459119,5.64900511245413,4.47289069873294,11.2600780690975,1.93524135040455,5.16097584240473
IM0120,4.44474455005354,3.08535098970453,2.05334923924072,5.47627730078985,0.895024507964622,2.6923589145124
IM0121,11.8628342251244,8.52458841183328,6.54404454720171,16.7082583332616,2.75279607414648,7.29588390582602
IM0122,28.1305927336778,23.5315182652992,12.3239180023882,39.2646312434505,6.24564217681383,17.9048952305948
IM0123,8.17736162517487,7.18791798624485,3.44210039937484,10.0954959367017,1.35276856706902,5.19181216528659
IM0124,18.5024260052886,13.3534848401451,8.54144328585694,22.8924648410298,3.76546017786978,11.3028328770913
IM0125,191.353700660747,176.611534023089,128.630739045158,289.85483791527,28.3807661863158,135.264868503067
IM0126,18.2310444195668,12.6282664900949,10.258332929257,25.3415204625129,3.82639065158182,11.7190414248922
IM0127,59.7248626085414,47.8270520754771,NaN,NaN,16.8091458676159,39.7211539562046
IM0128,20.165735260888,17.0189119185458,7.99103920053444,25.217631652435,3.43895424314392,11.7188417811488
IM0129,6.88756224381049,5.99688767594718,2.91778331375602,8.61478296056645,1.18060184357634,4.16947277196948
IM0130,48.3575599499462,43.3483304146602,NaN,60.9266609373586,7.21797583993007,30.9053253487831
IM0131,6.56511763701371,4.58209215254356,3.70726165079384,9.70062541798853,1.51240578361701,4.14320503263128
IM0132,10.5397069378312,7.05731432324928,5.64528393935796,13.9546880687353,2.3692009857659,6.29553369719376
IM0133,114.480130004317,88.0514083398627,56.6993308790581,NaN,26.2013882889779,76.8437015005556
IM0134,14.4785269698468,10.79449743571,6.92832201683643,18.4766406551321,3.0214229942208,9.30404726068754
IM0135,20.5759326947988,15.161328697215,9.52184507097548,26.7861010784743,4.84175393808123,13.9202879614648
IM0136,15.4199708256999,11.3407734585154,8.17268698097094,22.4830444547634,3.74988026464158,10.0348670293213
IM0137,3.51788639742828,2.50842751012279,2.06870085260562,4.9158340142866,0.731415965431578,2.20185267567558
IM0138,42.9689527461513,32.529612768794,20.8987577106391,56.7942114297331,8.19916425745178,26.8830350447109
IM0139,17.3682681587283,11.5832542390686,8.8454495963808,23.156825160034,4.21884660324556,10.8137296856173
IM0140,12.6575368578929,7.81205542782386,6.29039210239706,19.4361636177235,4.20423831113381,7.72292192590275
IM0141,30.5057151735673,22.7807758029489,15.0475483756495,39.1761410749488,5.43484914625009,18.5362588088699
IM0142,24.34994001855,17.8704299265198,10.6620525803362,29.7889342251199,4.57929644257721,15.317439066374
IM0143,29.6621482066874,25.7065497158872,13.270494723419,38.7528813939964,5.48802480281428,18.3304914567565
IM0144,39.8725852886806,31.6743974079492,15.4672230291639,54.2478610581091,9.31369930508831,23.4281439428611
IM0145,153.899458251656,128.984479377067,65.0960963186128,219.690231144084,28.8836292098216,91.5635323280766
IM0146,10.1156860070185,8.40338853396926,4.25560698857286,12.6189940357685,1.85801203459798,6.15594065120294
IM0147,57.3779819428767,45.4027150161383,23.2686859186201,74.660285942832,9.48438142181558,34.9837214163654
IM0148,NaN,NaN,56.6288529654281,NaN,NaN,NaN
IM0149,6.59139652399686,5.04520005326344,3.41147746897808,8.22466844119918,1.15566961368113,4.13918337801313
IM0150,27.5501890924043,19.9706685029902,12.695290659593,34.9074418352936,6.15140436464447,17.4865910082425
IM0151,31.8301282797432,23.4134919053019,NaN,40.9826385800147,7.77928219145364,20.482853771408
IM0152,16.0932963528493,11.3847242410588,8.33394159918696,21.9302313202229,3.90398069440478,10.5703952143683
IM0153,14.1194255820525,11.1608871221077,6.19889633694795,19.9952130882238,3.00192417048538,8.04517764829195
IM0154,37.024593281852,31.7787347834117,15.5232381820753,47.0604688422342,6.26326836588872,23.1958389847319
IM0155,120.126900068755,97.327473181483,51.9351274024716,158.391620866168,23.1472759738347,71.4161768926047
IM0156,116.773974349723,105.026655116605,69.9652103410143,166.290977642362,19.8228614125042,78.4615675738019
IM0157,43.3601547975261,36.5956390752196,15.9750292934594,54.0841751445167,6.4648895672484,24.9782935045118
IM0158,3.53155770333536,2.86709867407953,1.47772350378793,4.28278241662833,0.636162368111321,2.04818187884162
IM0159,8.84212552471485,6.7471693235697,3.54249866574731,11.931120392836,2.13680001365874,5.3032454490039
IM0160,8.36454736887956,7.19618699409602,3.10777788218737,10.9045655843761,1.35203873926233,5.11704509941075
IM0161,7.15856746709911,5.48041459144095,3.14250611337603,10.0838160021537,1.6295198642569,4.12201548157393
IM0162,31.8562287352281,23.4793168172289,14.0029752803416,39.9164525176919,5.94019343025352,19.5563526894713
IM0163,12.0143006780752,9.19721984481685,5.55278296106131,15.231543838801,2.48731808005176,7.28857178215654
IM0164,22.2355923777969,17.42737080027,9.96046898169997,29.1667655954245,4.27622955974689,13.5567155442436
IM0165,21.5920452809797,16.7909754799606,9.49007727414201,28.3889263260118,3.87075212934782,13.2640336234594
IM0166,3.17284446607522,2.20387521277097,1.40109140048673,3.84149400435818,0.618438231320495,1.92300033642924
IM0167,17.4375290937588,13.9447499205216,7.59571947898135,22.5688033178447,2.93630066679861,9.62803322689708
IM0168,20.4286369514212,16.9445110681267,8.2275723513478,25.2595354378626,3.12249894030086,11.9198701956313
IM0169,32.8079808564296,23.0877977896254,20.8827486638753,45.8191774777568,5.50686082269019,21.0400900894538
IM0170,77.2683571296575,63.674235230264,40.1182013722394,101.578822770912,15.1956958676932,57.9167817965617
IM0171,164.638154036982,130.840625065936,85.396336975964,225.956303723777,33.2406855157933,113.515769329639
IM0172,14.5923531542779,11.4821508053353,7.67424849117159,19.4218516338544,2.93101461990258,9.71818829699761
IM0201,1.49527107126539,1.20542131568705,0.69946762488878,2.16408902791961,0.320631514215258,0.746584932524755
IM0202,1.88436844885298,1.54458037868696,0.87448162815155,2.74696721400553,0.435003920288528,0.915564664155031
IM0203,2.78520354423236,2.14241513956102,1.26491050125362,3.94945849590959,0.629107247258357,1.39522658828714
IM0204,13.9221496549727,11.2418584902716,5.60198805666779,19.1073481068226,2.83191622532176,6.93435366070239
IM0205,12.1466612347502,9.68581540308552,5.43758371911268,17.8723493625952,2.95693795165382,6.12720388013127
IM0206,1.4490136657264,1.17552969620583,0.648768005275532,2.05787554618055,0.307990531263803,0.718574571373291
IM0207,1.90751374711714,1.50833986507222,0.894050214280508,2.82391059667449,0.445311075237292,0.986484973129395
IM0208,4.75119190724232,3.95048766362518,2.11970999121093,7.15053785269166,1.17980095928841,2.66342259789616
IM0209,4.50248979360588,3.50130892576686,1.95140628786755,6.23468286304908,1.02840852707526,2.1638480275015
IM0210,3.9002929025377,3.15951722650271,1.92513045455853,5.74634984668957,0.972512495345067,1.81622581265642
IM0211,9.43592553020598,8.33450455850837,4.61418837948499,14.4555902867949,2.25960398435864,4.89474194969995
IM0212,4.77667928007619,4.47549853361143,2.03321514886371,7.1464131119758,0.960118001906793,2.47592491129147
IM0301,15.7520046612424,12.3442825481715,6.6246054120595,22.1960870205988,3.94366802525478,8.06286089766567
IM0302,41.752379180153,39.3450348517456,15.4568135213798,60.8895023813909,8.88583029143327,22.1413503303513
IM0303,46.9144178522542,34.143711108967,33.5457949647466,87.2776104702537,12.9863976730676,21.4866340070023
IM0304,107.835691012356,71.1347077354382,37.0041065062184,186.091484449172,42.026725893429,44.6918608315012
IM0401,14.6449002340936,12.481359500176,7.41512961797047,28.5550977186125,5.28765503900064,7.62282643763532
IM0402,75.8331660705342,72.7712792627875,38.8480618248552,172.811962929798,35.7750178612208,45.7890602810148
IM0403,11.461574802547,7.45620859325601,5.54697156562862,16.9825631125772,2.95026656293199,4.34528532022206
IM0501,29.307574445488,18.936441683305,16.2906813359297,48.3809991725073,9.56262975851374,10.7463331158338
IM0502,25.0229153882778,19.8557921781968,13.6478243524262,39.6101632230838,5.89791445743523,11.3018055703477
IM0701,9.14314934286482,7.34561582131064,3.89653330126116,13.5512190572461,2.13382201563257,4.68167701390515
IM0901,3.16675548329594,2.57270286713545,2.73420859297814,5.64722621032387,0.454666049100108,1.32587489487431
IM1001,14.7057758394721,14.1114896489411,4.65948693589851,NaN,3.51289161028759,8.20055534495679
IM1301,0.944923902928397,0.79678272722128,0.452665448618574,1.44812620001095,0.163818938969806,0.420128653347534
IM1302,5.95834412005493,4.49605867964565,3.34566014927162,9.38928103044863,NaN,NaN
IM1303,0.832844953997646,0.664862979168406,0.421179445880284,1.26667226124594,0.140524666738477,0.360060947518456
IM1304,0.520174146919266,0.340916521599067,0.38591615373716,0.835485671419822,NaN,NaN
IM1401,48.6262447505025,36.145648309034,21.3535926625475,69.6024125662271,11.82333267334,23.8421931364744
IM1402,23.3316270186184,19.458102089699,10.1319423385822,35.1400939230462,5.0145485423139,11.2005796566748
IM1403,39.8659992003222,27.1553028488013,24.9148313343393,63.9232287605468,9.23768528238834,16.8685858236742
IM1404,18.1752217221738,14.9134380814564,7.84940234154773,27.61638378867,4.32876638653754,8.03656923944999
IM1405,9.39426579013021,7.77964178869426,3.47270353801363,16.1083090025823,2.97680823840497,4.47205392622159
IM1406,14.3325465107655,12.0528511545299,5.85372435146382,20.9204417984234,3.36340635169016,7.90212935155778
NA0201,5.65708545057722,4.22054575874974,4.06515679378358,9.84571052862955,1.26838937869698,2.37275389446734
NA0302,4.07859375801067,3.07374067724938,2.69414519805077,7.00656142297088,1.07098444476128,1.68088680471484
NA0303,15.5770466062255,12.0141061930211,11.217948123382,25.0993623665688,3.00390995303782,6.26506467777945
NA0401,11.815253965916,10.1977153037367,4.27612435145308,20.9978995491414,4.18071908935981,6.61011763057074
NA0402,6.22175335757582,5.03084629365308,2.39845091302611,10.47010804936,2.17826789802826,3.16018663709086
NA0403,7.69826564858164,6.14686578855137,3.21720804759414,12.2538483570881,2.50533586124363,3.88484373684429
NA0404,5.0282289210274,3.83207039236227,2.29560504762242,6.9643755864471,1.04677457975367,2.28698467035248
NA0405,22.7768122738674,19.1423241298686,14.1212203154017,35.6566443797926,4.01713699149783,9.98714218516396
NA0406,2.2814988949096,2.07468141765711,0.903741511212741,4.28702265719348,0.885237219409813,1.40997876406393
NA0407,10.7368247427927,9.0231079634101,4.34555670123273,15.5849135070837,2.61573672128647,5.78716784770279
NA0408,13.3333929787676,13.53804842178,8.56177471285864,29.1033098561897,4.774806902451,8.51399106627046
NA0409,15.015480507314,11.7707995106144,5.7313724807014,20.1501410599942,2.82168452335896,7.23349591444473
NA0410,3.69160447899617,3.54253436160319,1.53033793178563,7.44653264036711,1.53323028309242,2.34283954466408
NA0411,14.8364742662562,13.3141632348016,6.92099647139524,23.1181172039061,4.23559481959184,8.87033516521744
NA0412,16.5013406311558,13.3632405024712,7.60430148220619,26.2461201141998,4.72222823024955,8.22796060315942
NA0413,4.16382558254566,3.32332066343243,1.53105861401304,6.28750687435077,1.2179672608296,2.07771966812346
NA0414,7.04370045469863,5.47438252196664,2.61370585880197,9.16123119823837,1.32145462284038,3.29555197674675
NA0415,8.92173692304805,7.03375215518575,3.42881486087468,12.2636564036873,1.88592636420108,4.46709810745511
NA0416,3.67782882754725,3.015630678695,1.49548756008638,6.01269531998092,1.17176886048103,2.0083631253414
NA0417,65.8912251568178,51.7259090037344,33.3334142429757,98.3927804443138,18.1654249856705,32.6339068800945
NA0501,11.3403744497195,9.84452401328734,7.80948975813039,22.0346243399453,3.47513755065594,5.33536079525783
NA0502,4.48518770687947,3.52147768845664,2.59124973306704,7.42062181147287,1.18213377302288,1.99470521504454
NA0503,8.6913352002517,6.39252315830282,8.10054296627327,15.8960535103184,1.41375735184007,3.08052383391525
NA0504,95.420406606138,87.2252759758903,49.5746393463314,147.600979485252,25.5292863536391,55.0739082880666
NA0505,10.4608742639352,8.43837759501981,9.65879578238091,19.6699629340123,1.63737475300108,4.11767913492186
NA0506,4.58638554032437,3.9886598488755,3.23343796084958,9.49314606281031,1.56041769575516,2.14772358524055
NA0507,12.6101264349792,9.68683402057001,8.5825756719201,24.0065123523002,4.15451045731883,5.15221753910767
NA0508,18.7329408029372,14.2529973564437,7.14447271654959,33.5369337056896,7.73218186002826,8.51589891599828
NA0509,6.66448536126419,5.5861920830146,4.7470250582149,12.6436335093335,1.99171534311304,3.0564843490125
NA0510,10.6707657653478,8.9946960209099,4.73772817807168,19.9965897036369,4.23974495205849,5.42428042276356
NA0511,5.98837742158498,4.37614058364936,4.37682616110469,10.2880724912675,1.34841645218485,2.33449559257636
NA0512,14.1099217586299,10.0898844662848,10.061655759117,24.2836764387363,3.21180939643567,5.47369602152754
NA0513,195.539503650133,170.755633655917,110.219055296561,299.384941047325,46.8625593288457,102.387411835194
NA0514,3.54989494138535,2.97498254210388,2.11949905630485,7.03745458533472,1.28694877501286,1.65282350361323
NA0515,104.040085652565,72.1331806521678,109.551338398848,200.883241548038,NaN,NaN
NA0516,12.7450370946608,9.97709002226745,8.76407839449873,23.1066620381366,3.48789166831904,5.63821488284682
NA0517,10.2013566435433,8.18940710777338,4.22885390087043,14.3269210050835,2.54808967463603,5.17113425133085
NA0518,2.74324441287049,2.23279239584473,1.81422441241863,5.11766962927166,0.859163153587744,1.23141877108174
NA0519,69.5311544970056,57.0256444114463,29.5002869901812,120.885824724997,25.168244028048,34.8442486851273
NA0520,7.6391220122987,7.26290526624201,6.82456959051855,16.1966374082468,1.93289830382367,3.85128983176183
NA0521,NaN,12.7398933626744,12.539130437423,29.7362864830832,3.89806679273587,6.49204335841888
NA0522,12.5451495828477,9.87769522526562,7.79870143299058,23.0913125502501,4.09435033182733,5.54405610090752
NA0523,7.13755176955347,5.72164392798485,3.09765276857013,11.2035234939719,2.23652050852365,3.40629583035681
NA0524,36.2542070926979,30.0545904879019,19.4189782552631,58.004432153006,10.9568663888236,19.2723082163199
NA0525,17.2853459464793,22.8173741817802,19.7221631457279,39.76879572479,2.57892749375037,11.3151395613307
NA0526,NaN,NaN,155.228225322062,NaN,33.5865202637673,75.9543857042816
NA0527,14.7168570976309,10.8876468132884,9.08172450662967,26.5989828042303,4.91021289417969,5.85199114806404
NA0528,4.84476930866367,3.48143190966609,3.77601438608075,8.06555114970163,0.934859224083604,1.80771353464049
NA0529,5.51235151317132,4.47137223296653,2.64788021318641,7.90884865045379,1.32909858714919,2.68427914837628
NA0530,15.7780311348995,11.8207334580087,12.6734203450289,29.67117828796,3.81399131362355,6.50925924682145
NA0601,9.06853873536493,7.23332505442685,6.50283046575007,15.5909884060224,1.71847967774584,4.03978022644534
NA0602,1.2527824774079,1.21543821541703,0.773248278986726,2.62225724620447,0.472101967404589,0.704407576552386
NA0603,12.2976905470149,12.200522688836,10.9832702610754,28.7569012927544,3.71944979822514,6.8144410676738
NA0604,NaN,NaN,21.0921460068212,NaN,6.39535484761576,11.8127896256931
NA0605,1.23281653566356,1.22614997537781,0.644734179975836,2.55772795627971,0.501864972833571,0.733071941091938
NA0606,0.404460772240291,0.436258940196613,0.486471803552172,0.991513457329461,0.101228417976147,0.205559289778269
NA0607,0.83225293923204,0.840612023866743,1.03828324256218,1.95033944068237,0.145526054303445,0.384435868337685
NA0608,1.97255221187173,1.64111238958454,1.08107722070303,3.21151249845482,0.494497386405786,0.990203530602783
NA0609,0.929085765517108,0.966088190908228,0.921410685742307,2.14369873122436,0.231784608705974,0.512888954353379
NA0610,1.99416560389796,1.71820953598992,1.35316113475163,3.7701227467197,0.565901516926237,0.999273122431124
NA0611,NaN,16.3900896761884,11.979266440111,30.5276183974469,3.18911986240915,8.41847344814277
NA0612,NaN,NaN,0.834943685138363,1.49806387150366,0.099346583795305,0.283963984387532
NA0613,2.28675228451283,1.9174085985431,1.56868796051119,NaN,0.634249541044435,1.09513176253497
NA0614,1.12379932582555,1.06049708950732,1.39732561235338,NaN,0.206081244686777,0.505152609539776
NA0615,NaN,NaN,82.4160086440524,NaN,55.617639212491,133.31677773251
NA0616,1.19441637857226,1.31085269019885,1.44375664612234,NaN,0.261959947641256,0.628881102408607
NA0617,NaN,NaN,NaN,15.5808682744896,3.37935891600885,4.6024632680821
NA0701,3.76438380374556,3.15055925582056,2.16301266149829,5.77397850980021,0.618167438529532,1.62116044797568
NA0801,10.2323682930692,7.38184895909555,5.45398951997875,15.2777298000479,1.95978773985707,4.48487856264467
NA0802,1.29437382584881,1.07682230004848,0.563884393437422,1.80714983309119,0.281708531323461,0.656551988633277
NA0803,2.66724435406937,1.86062426387846,1.59739980725213,3.90310270443189,0.364273617823106,1.00439172296575
NA0804,2.02290546370883,1.54021234897249,1.01839923561712,2.8177196871371,0.373798914965475,0.914937924745826
NA0805,3.60900703767736,2.99458733100511,1.54075069386451,4.9739898570072,0.815517924314447,1.97517264010029
NA0806,8.08734042132891,5.91235739726941,4.97281260628855,12.1924113693289,1.18035208543393,2.95107185888872
NA0807,19.8915767189557,15.1548497816062,11.2780000822408,28.9590262401806,3.2339932930974,8.60060796369134
NA0808,5.50622072796367,3.79760423615706,3.60690427793335,8.4911456997762,0.886449096691406,2.05386345390989
NA0809,7.3967426519646,4.94897423982444,5.18269056879605,11.6133050429304,0.912728707687468,2.49083180626263
NA0810,3.13773866308292,2.55715716252118,1.55191330268886,4.60926957248286,0.61377395726548,1.5226152797304
NA0811,0.90329290575576,0.637998042189988,0.581572756127944,1.35812137327286,0.123804040799525,0.330551777739386
NA0812,8.37447860679991,6.97828100026667,3.97272591020989,12.1617772431871,1.77964905204321,4.45800998002621
NA0813,9.86537019495251,6.64005103047826,6.39125577803797,15.1796975187421,1.57950448495308,3.50223093957853
NA0814,12.1365483732028,9.31886178325034,6.88244257690305,17.8798929585355,1.89596944026496,5.3410863898808
NA0815,1.84570055038688,1.21498626641857,1.22256800113784,2.79133338067401,0.221583923815232,0.58788066243422
NA1101,2.63571602297842,2.29485130186177,2.69603711383689,5.16304335161164,0.378089034990237,1.12286552336216
NA1102,18.9249168034053,22.3061949600834,20.6787516328478,NaN,NaN,NaN
NA1103,NaN,NaN,2.45852810099441,4.39543504207196,0.291670766683215,0.764307013108611
NA1104,1.60612131454566,1.19368811961907,1.58794017853313,NaN,0.28955208270688,0.570739064628492
NA1105,NaN,NaN,2.36386519796,NaN,NaN,NaN
NA1106,2.25050722380907,1.85022705226889,2.38352511858548,4.48554335407529,0.302439804870543,0.878905984862073
NA1107,3.06519437049537,2.54781345384263,3.02143984117129,5.82418859798037,0.451391472886191,1.2301634689936
NA1108,1.32788345370513,0.80922199523917,1.35922299646053,NaN,0.173122736709697,0.360550037196339
NA1109,NaN,NaN,0.923303022812038,NaN,NaN,NaN
NA1110,NaN,NaN,0.236288876681948,NaN,NaN,NaN
NA1111,1.44853862216463,1.15359541355022,1.54431780046696,2.88080615632447,0.239699933403769,0.565595355783205
NA1112,NaN,NaN,0.157854735659345,0.238926577053956,NaN,NaN
NA1113,NaN,NaN,0.26342799694462,0.358793991925893,NaN,NaN
NA1114,NaN,NaN,0.304651817132476,0.534304603517317,0.038027523319393,0.095347781335768
NA1115,0.113914638703781,0.099742944689543,0.14004295713336,NaN,NaN,NaN
NA1116,NaN,NaN,1.65690871919466,NaN,0.198603322545727,0.52485739282826
NA1117,4.2295090782092,3.71847089094996,4.05089022347338,8.33348475821428,0.748709151445328,1.87149912064525
NA1118,NaN,NaN,4.65670018021592,NaN,NaN,NaN
NA1201,12.7297458528564,11.0280576683709,8.76857317974275,22.1400365721534,2.47329219850247,6.28829871285456
NA1202,6.42705222527507,4.55396106391259,4.11072209868315,10.3261523008001,1.20223651840962,2.46461879576006
NA1203,16.2273058578174,12.4462555840341,11.6138076482629,27.2779128625663,3.02777926336315,6.77867243500449
NA1301,4.25649742806982,3.93711841112291,4.33994363883209,7.94777143198046,0.550631271693412,1.90606713544359
NA1302,10.3831518188951,7.69557614047174,7.49715667553217,16.3885149482633,1.51489297920035,3.78861111499691
NA1303,1.64185523051981,1.35474818949141,1.50241393686257,2.89416352434607,0.202101126665459,0.630449197806914
NA1304,1.36359763626775,0.977035749225252,1.35424327685437,2.36985486859921,0.171087918461501,0.464182802308856
NA1305,0.971649745649333,0.699028805639917,1.02327587624017,1.68962313701491,0.115749525033886,0.319504494633175
NA1306,16.0602977053443,14.2472135738569,15.6841239946401,29.1261529509971,2.00807823958857,6.63229260135829
NA1307,5.24130477864947,3.79612858703799,4.40961611759102,8.60036016377105,0.634237736389964,1.73530004781482
NA1308,2.71057417719384,2.13327499736123,2.85195297469146,4.96060916421351,0.322592306107643,1.02392429103791
NA1309,1.6283325765958,1.08300833152752,1.32618557365612,2.66997177650332,0.212135046080899,0.51970471921108
NA1310,2.57521699341535,1.92841901189676,2.33963821860924,4.35538835299437,0.332520331116245,0.984349188464437
NA1311,27.0549017892061,20.771568868845,19.4772490456336,45.614056992963,4.04652517988831,10.4819703556149
NA1312,4.19367718645683,3.60485319184882,3.39836188329176,7.47860502216294,0.552098005492513,1.77945423362529
NA1313,2.49367957287906,1.88468605279868,2.47299073883772,4.75366663771743,0.307984900874544,0.854861009534125
NT0101,3.42837375566296,2.49094887935833,1.82657580612684,4.24743009163407,0.635130187801756,2.04826820607985
NT0102,76.2979245322779,47.3841196441254,47.9772884262697,100.241374223842,14.5035283150304,43.4258340603568
NT0103,6.32777744474018,4.27470822048213,3.829038682674,8.2094527749878,1.13406801548977,3.78070723022987
NT0104,3.40870811028183,2.35376701935013,2.29713224726678,4.66618653308606,0.540797107765685,2.134901636967
NT0105,1.46988632206095,0.915682165783712,1.12814948764008,2.16097347716639,0.221568470531948,0.91717876133956
NT0106,31.4795034896645,12.2789344189019,20.5663387372329,40.1010992767312,9.36219948433937,15.8528159851403
NT0107,3.22840466882082,2.17680241857753,1.95368533356003,4.48577988706923,0.863175159362896,1.93963528388881
NT0108,21.6500831044789,14.5985500288659,11.9182469170847,29.2989526858332,3.93144440580507,12.7065229343293
NT0109,19.6156031087396,14.4355029480517,12.7429654538555,28.1828094856985,3.21412529254833,12.0440561755191
NT0111,6.61513330084637,4.52680150890755,2.85588319808739,8.91418126210042,1.85159925861025,3.88014601290741
NT0112,40.4614228512252,27.9627501706468,19.4993129153449,50.8221281096458,9.78667601902501,22.7762730831399
NT0113,94.8826925381365,64.284523806832,45.2254813274478,119.446411312311,22.4459998896009,58.3752473135111
NT0114,212.742256974477,145.051629075224,104.690794003906,272.910022585097,52.0900362768148,132.539668899932
NT0115,10.7446604827631,7.82513429390442,6.79196445860429,15.1785888602155,2.34947807002861,6.50370327239485
NT0116,NaN,NaN,53.7350637086637,NaN,NaN,NaN
NT0117,38.3638067464398,27.3143948137485,23.3320035092027,55.0341313413803,8.02350214273918,25.3968183622957
NT0118,10.9218103625409,7.66445214666172,7.37162254841387,15.8060960778657,1.83347475609937,6.60456963954219
NT0119,49.3856339532022,35.2940847417211,26.2017824498087,65.8917656634628,10.4342848657756,29.5922058063753
NT0120,15.5152415851926,12.6442878156422,7.42173529300909,19.3198213897826,2.69603458586438,9.82252045787199
NT0121,8.07006769226901,5.83949720596738,5.34807441942151,11.2379209929572,1.56327546208263,4.88889447798184
NT0122,145.325094314003,92.2211915297316,86.1514027223267,196.183131060998,33.2432047382574,79.3542216160098
NT0124,4.37871461654491,2.95360215559727,2.78721043830234,6.11261174338596,0.966335857231862,2.83048415716078
NT0125,1.6373885158472,1.15734069057346,0.826867996277901,2.39165551487431,0.480074667306921,1.02566841474609
NT0126,57.1345756358015,39.7045949693149,28.1390399846097,87.1711579711357,15.9676261462591,39.4400854106283
NT0127,6.97728090658587,5.93094281374627,3.66306415162247,8.58407870067784,1.03323458835599,4.19993737604068
NT0128,6.55332660072594,4.32755854209535,2.75664052106208,9.41637674722376,1.94090035282692,4.12219218591622
NT0129,13.4784506964608,9.44466150562503,7.29963765929232,18.2903068708124,3.31555673097255,8.19505859947646
NT0130,23.4823925899905,16.5452423194992,12.6240788044244,30.2622001955576,5.34548299798773,13.8628947628505
NT0131,19.2369905612681,16.8863835646716,11.0188215350805,26.2775573393331,3.15073682565297,12.9384837078115
NT0132,2.29855895508163,1.58270514058257,1.04310303358005,3.18202156605618,0.701350890400907,1.52412017764784
NT0133,2.48567588529856,1.75806205834613,NaN,3.57590343708047,0.753504160784011,1.77507935104682
NT0134,87.1684255292815,73.2127394136151,62.4134618234462,128.175326738893,14.2606122900414,59.1471705936771
NT0135,0.881176312054706,0.571425272267967,0.512103835037822,1.23503074659417,0.217807652292478,0.564139640177217
NT0136,6.53434157921019,4.77128884349289,4.39487798458105,9.31081323679938,1.15580148521309,3.94200075801688
NT0137,8.61785344707083,6.49035438786517,5.61955302455792,12.1720549960549,1.33175684886741,5.24295398491816
NT0138,6.2676138730881,4.36560685891061,3.45074471751956,9.48421700491527,1.71940494820763,4.30437982729503
NT0139,2.96375898108816,1.90270236339764,1.71063080141368,3.90714569188544,0.659326799441654,1.75048827783274
NT0140,1.14224572314316,0.74601253704654,0.781821415207644,1.62400380018568,0.233529913463418,0.730575091893366
NT0141,10.1257119905718,7.00553463384011,4.773961134595,14.8178965945347,2.89613381506452,6.81389994860255
NT0142,3.27672412976385,2.32828671244272,1.57598976060151,4.5454220918316,0.920888583760195,2.04243355388351
NT0143,2.59090028416256,1.74836257640769,1.77257970411819,3.80764697575452,0.652857898010693,1.61116290010244
NT0144,30.6053140391074,19.5643765216962,19.0353835361032,43.5570042623214,5.29526731611731,18.5045472571963
NT0145,10.9197949466897,7.92192721817196,7.38232925271989,14.9939274733518,1.80290400934126,6.46631648692993
NT0146,79.270174088964,54.158961060029,37.5432528962215,99.5599804508664,18.5834108578746,47.0249707147508
NT0147,14.0587950669907,8.47957465631378,7.11541944880498,21.3763771589575,4.06550767372726,9.31383858430703
NT0148,26.8642812226948,19.5372482496325,12.9668709621166,34.8045420524543,5.99710963104463,17.2390221342479
NT0149,51.3971050883334,35.1516666855422,29.0502471578918,78.1043793220023,12.125342781018,31.1104711522963
NT0150,2.19612137202042,1.52916697460103,1.26206034484735,2.72714259472228,0.353451176439517,1.26938138084097
NT0151,37.6697676887953,27.414458580975,17.3659698878711,46.3853523764002,6.97049459038299,23.3999186390089
NT0152,21.1523325979017,14.4388528037445,11.5776282596447,27.33720971428,3.91212604303583,12.790796858002
NT0153,4.27800623580979,2.87569221599476,3.19958578353096,6.35862804645091,0.783366234175802,2.65903246548263
NT0154,5.33340410180179,3.83512212956224,2.59941310221258,6.65382808266656,1.19669458146981,3.17961533506257
NT0155,23.9617048710364,20.4821173842332,12.8499455535249,31.3920281456112,4.50651438612504,NaN
NT0156,3.99789067178632,2.88333110926189,1.73282697048245,5.91646168762439,1.28322947048703,2.76348935513163
NT0157,3.32994862337708,2.35874914181506,1.46210541933853,4.77796991084214,0.977763118045719,2.3435515697503
NT0158,3.96591101675465,2.30395763117203,2.98673193057254,5.83665874076112,0.802729890166204,2.48896244533737
NT0159,79.8494598668905,54.4341802282647,56.1133930773074,120.342922787678,11.531139365712,47.9587271592468
NT0160,9.66580106937652,6.86266503313924,5.64271217314419,12.1699459245765,1.73508371664454,5.84995143100768
NT0161,152.647081407788,114.655613273585,72.3628244802879,197.794539556644,27.9630367053877,95.9394089689513
NT0162,47.4140840132376,35.5529524958231,23.2701103110465,58.622924011193,9.90191631548644,28.4676073136891
NT0163,4.37457087564769,3.27052778745064,1.91263490984034,6.55300366510488,1.43029218975974,2.88875791138051
NT0164,61.3809207170256,48.3706893534597,39.2309939028312,89.6758435797855,10.0869458108622,38.1379885448444
NT0165,6.32805758960309,4.18604882233826,4.06296976622818,9.48591710886088,1.42969109141644,3.83598263300412
NT0166,1.23867109048491,0.84163998424869,0.632257435112327,1.79962404357408,0.368900540374828,0.78479838885175
NT0167,40.5050978989267,27.2088302010521,22.9531143148029,57.9100773264071,10.8912355749247,24.8742831669283
NT0168,1.77418708067862,1.25752688465911,0.813323438145702,2.52617838589318,0.501895497876409,1.20513514671458
NT0169,9.76413990736913,6.63473230344179,7.02573870641572,NaN,1.91822897136697,6.5945193096738
NT0170,3.08913059416309,2.20656352010631,1.69250390585834,4.24559193807475,0.708503011524627,1.95795193778012
NT0171,49.1487765352611,43.2308614178464,23.1774667040981,68.2847204542768,9.888623170948,35.0006464054877
NT0173,1.35171513878854,0.914182787949054,0.618820625806298,1.91394715804133,0.421567199849832,0.905493183753718
NT0174,6.07742500546363,4.07122074920569,2.93759365397576,8.7780026785589,1.77858309788742,3.81272010649194
NT0175,18.987450395239,12.5535392021231,12.464750710056,26.7964554085518,3.82972060697686,12.0443214023088
NT0176,9.99209821998505,6.92949873971029,5.28915422436641,12.0620412803993,1.90871727740238,5.80815791324973
NT0177,105.742058950021,78.292838456128,48.8437982526971,133.338734138289,22.5726346962578,66.4175499161439
NT0178,12.9733808785604,10.4437590492277,7.91665587069513,17.5362012609235,1.90295251266881,7.93003180068213
NT0179,76.6144146335558,67.7896007607936,37.2406252068605,104.644585220092,15.6878995749096,50.9614251504967
NT0180,2.12433348062093,1.45946390203969,1.22187560091764,2.95490735643597,0.511670645461336,1.3645392652705
NT0181,6.28064368121226,4.54412671372286,2.45731425663399,8.92749643983538,1.78670778899446,3.94117567113149
NT0182,1.14838918294853,0.350413924704897,0.783101967316668,1.52367822573624,0.405220416508616,0.629810063890913
NT0201,7.37886026946668,5.96380174907592,5.74994877067723,12.5206520343891,1.37238631704477,3.27834618604357
NT0202,3.13217582531028,2.3966307918958,2.13696656019517,5.00292058130525,0.660158588420035,1.39800527888553
NT0204,12.4019875637253,9.33322999537677,6.28100355341594,16.9969003901043,2.58042023975808,5.23748097245527
NT0205,8.30983960054715,6.0043099943157,3.81793004020399,11.0375915741782,1.94434855696841,3.45238700219211
NT0206,3.78282925848632,2.45389102122951,3.7414773165127,7.42168710100534,0.707506560498064,1.25029775110836
NT0207,47.1978485975315,39.5787116372358,30.3424044079158,78.9330738710544,8.8302367132296,21.7211896672876
NT0209,8.31512008420674,6.57360020738979,3.66841106615412,11.2266225764934,1.82233256451922,3.68161277408726
NT0210,0.258370100461592,0.208178592246384,0.226668134171764,0.480119395850568,0.050860464982123,0.110127220413023
NT0211,37.3067304463647,26.7895317732763,15.671553568879,47.6140368141772,8.15751500475048,15.3886638036577
NT0212,1.89706202517506,1.38012914991136,1.37316163350148,3.29162526782433,0.455069428500815,0.77933086466919
NT0213,4.84432495166458,4.45485325418985,1.99228298121567,6.51981737384867,0.771550061840247,2.36306594068679
NT0214,13.1700382846368,12.8657702321308,7.94435846912896,23.3629139680613,1.44108982631406,5.78840480619706
NT0215,13.9179609108222,12.6914249527167,6.85999126926261,19.4201494874032,2.09187088455563,6.84599078324909
NT0216,NaN,NaN,109.210669507473,NaN,NaN,NaN
NT0217,18.9845706469021,14.6678236077809,9.16657159687682,26.7474276368452,4.15450803768873,8.85516416197615
NT0218,72.4510257723474,73.081707174507,35.5800795547026,108.941164049983,13.2835165655908,41.2961914864948
NT0219,18.764080574728,14.0839906900967,10.9393366951825,30.9948784191977,4.96695763412755,9.10736405994846
NT0220,231.237932034899,241.80012878937,140.855427053155,407.89124636906,44.6943725849205,131.905675810736
NT0221,20.6699109344209,18.8631072568704,11.0839949660473,33.0130776292631,3.55164758501162,9.41052505366094
NT0222,13.411672965783,10.7300393993023,8.98260288071396,22.3706679744832,2.63617944111005,5.87883843043244
NT0223,20.1366269641431,13.3937858902441,16.4068486533056,34.2188895505923,4.20306816988951,6.77827953725079
NT0224,87.9960639964372,68.74500250299,41.2578631441132,123.210735762258,18.3205197528434,38.7873536347562
NT0225,27.8336146756174,16.1256794675496,23.5683122758986,50.2479243574948,4.18522766841147,6.72916092699313
NT0226,187.451374651787,186.611237491703,102.346506915012,286.935709952216,39.5273173465562,NaN
NT0227,35.5542949640616,34.8213995704836,30.2995808864998,70.2088554155567,6.86373740642778,17.2357482083703
NT0228,5.30586758576117,4.09794746428203,3.01551400937494,8.38930892223359,1.31651100438785,2.30415180234675
NT0229,19.1789148178912,17.172671122205,12.7489142260416,31.6200173632306,3.09243951337382,8.86415019505033
NT0230,15.2718129348326,11.3567125997767,7.39181985429417,19.6299663322505,3.23479056586708,6.53588701268966
NT0232,6.3984649847951,5.48525886957662,5.26605419512699,11.6551622084091,1.05532097436691,2.90318905011856
NT0233,67.999686778698,55.0548890715077,28.8686162739433,96.176314693925,15.9454520555122,33.9702969229333
NT0235,6.59781054790912,5.38631149845383,2.70953208516993,10.2572336179338,2.05725148218303,3.52432278854684
NT0301,19.585791830086,24.3543035691079,15.9401435436348,43.4606522233804,5.23836810010801,12.6858510221168
NT0302,126.096056464611,93.128390864127,52.7972788132186,230.405377019477,52.9871085985404,57.1128163934016
NT0303,7.95747177112899,6.06707393505683,3.56151492992836,10.6615596477234,1.83580095993695,3.53941024095315
NT0304,54.3119371719329,47.559440068772,22.3034481970358,75.0702597832501,10.5045369321732,29.5236552322112
NT0305,21.1526274669727,20.0475767936473,12.0877650277278,30.8596470552404,3.13177357162217,10.5886498403008
NT0306,15.3242130643423,10.4317871389152,9.87395547194913,27.2064640201834,4.82523535479308,5.61887717425088
NT0307,158.862058550521,134.95391561589,99.4907438703324,259.881908675276,34.4831102358015,79.068740048107
NT0308,50.7211199686426,38.6168295808113,24.4908284151235,73.1907309922403,12.9028592215,24.3653479825188
NT0309,10.4367298743676,7.64028334298871,5.54301545945424,15.7709093472593,2.8479599964431,4.41598495959066
NT0310,8.63458222995571,6.15635507782829,4.36127973944009,11.9465337101377,2.08509649832433,3.64350383634734
NT0401,NaN,NaN,11.6761317392926,NaN,NaN,NaN
NT0402,2.22181729464165,2.60292863058011,2.87161934488868,5.60123912180204,0.39640714285445,1.28751795593508
NT0404,2.79691530427644,2.85478664538802,2.30260527177855,5.89452832112575,0.801680574925533,1.75460125647299
NT0702,1.31087125845003,1.03541418996934,1.40174548982563,2.66186826249117,0.24223611197217,0.521211968149831
NT0703,7.0854948101398,5.08168228120284,5.42392155141827,11.7013436714249,1.08280743594068,2.78246559350846
NT0704,0.201273810072802,0.150776948496925,0.140498826727367,0.305775677089276,0.026738145660784,0.07437393271541
NT0705,NaN,NaN,21.17030447228,NaN,NaN,NaN
NT0707,1.60073670966721,1.25868422779935,1.54540847801221,3.06550342244708,0.28333132212775,0.636195605054802
NT0708,0.555319412666263,0.457269026549508,0.457581184341583,1.03335028063041,0.115026793466488,0.248162385718145
NT0709,0.540428265706039,0.396882881291524,0.533946929470254,1.00591858700321,0.078331730078442,0.198367279211853
NT0710,0.596383270523119,0.49881213096578,0.429134632623509,0.959081033012345,0.067725362236602,0.236883725223488
NT0801,1.64852312316302,1.24610337758759,1.06517102424545,2.50708609062402,0.226081215296833,0.692181100936845
NT0802,0.834253530875884,0.661244403701997,0.660183328622366,1.37179485823702,0.09440392580206,0.315877238552567
NT0803,1.33998410824087,1.06829206489346,0.650537728772513,1.85839372181257,0.241976871447271,0.64164605441571
NT0805,0.6616957672292,0.512232708334491,0.510266537710603,1.06317692375478,0.072852838774822,0.253249376053764
NT0902,31.6943337785765,28.389871910048,15.8519111431895,47.9420317137371,5.52329596696695,15.9490736622692
NT0903,231.840671537111,237.857051736355,138.461214495957,NaN,39.0555549464266,129.286074815157
NT0904,6.3585161857227,5.33474193157202,3.96928956343009,9.89185526279763,0.964867402378957,3.05967113093282
NT0905,42.6290237380094,39.6891169770653,23.9532169187312,73.4795628452225,3.7322579310875,15.24567779253
NT0906,22.2791906705147,17.8526500299021,17.2786527532972,45.4165005102295,6.44824999128501,9.94667715183736
NT0907,1.71864634016916,1.37286807164409,1.51654611160157,3.09924652380336,0.291723759025976,0.713510496315938
NT0908,5.06803749717224,3.90064308944676,3.93264636348541,8.41871599586966,0.847972421939428,2.10135675883203
NT0909,6.70828511778467,5.81876236006562,6.43961885513252,13.1819477834016,1.17315296004741,2.9523803905449
NT1001,0.654553429085733,0.63781074732145,0.739154316318438,1.29545440607849,0.080556592599695,0.379670431460059
NT1002,1.69199279353481,1.70757456689734,1.89974091397088,3.51538573886977,0.221477434283555,0.906578872637444
NT1003,1.68748826112813,1.35648538056261,1.64891104649387,3.04992047996832,0.211671538358578,0.809015962158142
NT1004,11.9691315895034,11.1150555267698,11.5440613550969,NaN,1.61639977104609,7.4607165872654
NT1005,28.5009689522323,19.7092482703548,30.2747610820755,54.7152975795912,4.59866161363639,12.8907144731012
NT1006,9.6303328829573,7.91463123468777,8.20362089003581,15.0921213784246,0.992588075723604,5.22229405404529
NT1007,43.9654509178263,32.288437292426,46.2309869523642,NaN,NaN,NaN
NT1008,1.31806024748308,1.09745083373487,1.34453866673999,2.31880784782923,0.171523066011206,0.630686240618179
NT1010,2.02305333113589,1.60352679737475,2.16092107169428,3.987948542973,0.285514941086881,0.822800199051686
NT1201,2.24346357706484,1.66189579733567,1.41671371231235,3.07346611620279,0.248607349607403,0.77847519117704
NT1301,22.0947393506032,16.4537237520694,17.6883541679026,41.1940002670458,4.76082208388186,9.22446089261744
NT1303,NaN,NaN,0.273288782532588,0.521388599026518,NaN,NaN
NT1304,0.260228773157457,0.188884101366742,0.190640559994921,0.431158078662748,0.041433676621844,0.097107412422427
NT1305,42.4246331388877,41.6224712982487,22.4454368617132,65.6114163070947,8.4744487230735,24.3785637476226
NT1306,46.8876859159481,42.5781818596707,23.3767489824452,70.4132627440008,9.5331174799971,26.7204768532874
NT1307,NaN,NaN,3.58262065333886,NaN,NaN,NaN
NT1308,4.97642279782088,4.15345635709927,4.29392622665162,9.22989507457056,0.73178472565778,1.86191753262636
NT1309,2.22244520725802,1.79823192019735,2.01896650772789,4.33850704120886,0.405116702609131,0.929713558557665
NT1312,56.9635376720302,46.3212303423008,22.5377313802587,80.646646819072,6.42921293266266,18.0741851947712
NT1313,8.42617819031322,6.20018726873628,8.89349022462053,17.050324801205,1.23411222535895,3.0924057745347
NT1314,20.648569581493,19.5078855603267,20.590230812318,41.8488960637202,3.20281673328239,9.58614401141421
NT1315,0.469168768887063,0.366679621619264,0.422449806314955,0.849300696000946,0.071729199934591,0.174913084188265
NT1316,11.9996730738809,7.42974445809281,7.85289525419962,19.3833749088015,2.50228445210511,3.92263187585919
NT1318,NaN,NaN,0,NaN,NaN,NaN
NT1401,10.1787608792018,4.14884094552371,6.22828727901209,17.3439256629089,3.96899462629601,2.72669310448269
NT1402,31.2855395639504,27.8171085329593,14.0199135878637,41.8285112560087,6.32655124886838,14.0025683227425
NT1403,22.6402842164983,12.9232964188449,10.9979067271724,30.8209320926502,6.58322790253027,7.56649639507536
NT1404,40.408434812308,19.5900955560971,28.1077859367112,60.7310496778556,9.18339171502171,11.7938477574871
NT1405,31.8118780940192,18.8658179344845,21.7476464858241,49.5050739719066,8.28114458096712,9.2768576793472
NT1406,42.4242020582243,23.8633943130453,27.2524117175087,60.2491890753424,11.9121100142586,15.9073300242961
NT1407,74.4772745686036,47.2095417857275,38.9578662411787,103.963577817726,18.7630063114536,24.9932826070419
OC0103,NaN,NaN,32.453567514065,NaN,NaN,NaN
OC0105,11.3657793552726,9.4117368658954,5.54759433254356,15.4144685488835,2.43574148975677,8.76494595842294
OC0106,9.64933508988476,8.54503656238656,6.03845279124574,14.0630023237622,1.60506724518256,7.5210272279497
OC0108,NaN,NaN,275.660163070885,NaN,NaN,NaN
OC0109,NaN,NaN,47.0584926907734,NaN,NaN,NaN
OC0110,66.2960271618165,68.9425635863883,51.1125987359837,NaN,8.13714768772548,48.1434186292387
OC0112,65.1382728740041,59.5169747646045,NaN,81.9412506760767,NaN,NaN
OC0114,150.33518029172,135.859008226064,96.3051197975034,208.853662622141,25.3094655950091,100.430956427774
OC0115,NaN,NaN,264.669055030442,NaN,NaN,NaN
OC0117,NaN,NaN,21.433671634627,NaN,NaN,NaN
OC0201,6.10013127442235,6.04468555872357,2.75027362399788,9.08655483465137,1.23322652252203,3.64860188500973
OC0202,3.62341352006262,4.2026999535556,3.21110727575716,7.19009439300148,0.520306672900192,2.29229497010534
OC0203,97.6738942783319,103.718538597353,63.7641686472423,163.875855191495,NaN,NaN
OC0701,4.34886297774353,5.48625357449292,4.93447809800189,9.87005077605936,0.677267347276407,2.5611762272678
OC0702,24.7623145100055,29.359371337086,19.3725922221119,47.9318467999584,3.88577741653586,14.1269049806587
PA0101,6.22927402472144,4.60893305055907,3.46338988131634,8.20313548955884,1.08288505516405,3.90347482096349
PA0102,9.8912043650088,6.89486617645342,6.32499348862905,13.569231100216,1.6469987719268,6.19806812723853
PA0401,52.7134557697644,42.4979671893314,22.8577923534904,82.3452506902472,15.0415746542879,22.212933365124
PA0402,4.4036278006118,3.46067244643886,1.79487907723399,6.07512775804129,0.824761085038091,2.05904311183358
PA0403,99.6537156987554,97.0681096510217,47.915148052897,143.420670456648,15.1495390428214,47.6370362205758
PA0404,8.83694742918107,6.97926948795045,3.36718978311629,11.84060261549,1.70451402004972,3.99526510706976
PA0405,12.4091777564181,9.7714015009485,4.9290933423582,17.1703979035842,2.20947453078838,6.38862309022661
PA0406,14.3710231094519,11.7453808517891,5.88293393032483,22.220638646221,4.20875318130327,7.50454449922188
PA0407,27.5886301444178,22.4997202868937,14.4282410817763,42.5983688448537,5.15771638533366,12.1571117974535
PA0408,8.95542737306628,7.0379185168811,5.61234374266786,14.1418911013639,1.79811871126226,3.36856299652022
PA0409,2.86412617185015,2.76746072586723,2.17483198462525,5.6864368216667,0.411856190073759,1.32442564489431
PA0410,11.7004520556934,10.3572961876018,6.17721074003975,18.9842834950757,1.8585967385634,5.18681834206954
PA0411,5.82336639800508,5.16630446775454,3.00215652360654,9.28630041008335,1.10130594991315,2.85347671745553
PA0412,2.48780240310297,1.85523062333641,0.976111504873384,3.39919180436938,0.482125602390103,1.13155554433704
PA0413,7.936001311998,5.75609305893341,2.94867014548499,10.5756819339468,1.83035902403983,3.82571157758325
PA0414,12.9676667965232,14.6751807933911,7.7436387772843,28.4915900377039,4.15633491387512,9.76756517813305
PA0415,6.00478362641774,5.11251397787372,2.67307081939123,8.56765652946528,1.05831003755055,2.9241444922473
PA0416,38.724675755778,29.3586500443999,16.6440612449097,58.3935413687754,10.0562471559868,16.3081002934416
PA0417,12.4634844801158,11.2479900814456,7.39768288871766,20.3527627000583,2.38727737491239,6.43154841837875
PA0418,25.8914173629094,19.8935021679012,9.22666464000283,35.7229331975293,6.06225317664495,12.1292819929191
PA0419,2.50783237694831,1.81733740236244,1.04838923372472,3.51777758720678,0.511889234501694,1.08417595188988
PA0420,12.4128905126432,10.008521825283,7.78209045228214,20.2094500791735,1.71892889498594,4.58364999765905
PA0421,19.6547665902469,16.3749440691464,8.17145371627664,29.0489314429127,3.31139939571067,9.14138748552486
PA0422,21.0507848319438,16.3542490739917,8.96593988034597,29.1380622858411,4.54205509916925,9.60812519165165
PA0423,25.6847349512136,25.6842855797598,10.29616291729,43.2879234263711,6.08415306464857,18.9321879108607
PA0424,6.61108678045751,5.46991903313298,2.41413896908478,9.10180644882876,1.18804824956515,3.29538567442977
PA0425,44.6579834133483,47.948168735378,46.0832096724323,86.1309720447,4.25933288147221,18.0857301607405
PA0426,2.50333200509795,2.40991320258702,1.65011447315226,4.86045119353071,0.649990336526941,1.60048028813748
PA0427,44.0781961248943,42.4516426338434,16.9562048111516,68.414567770027,10.0746438090508,29.8158519087621
PA0428,10.9680485172452,10.2437196177976,4.19115748209893,18.366056144419,2.60741915530592,7.62910514512708
PA0429,9.12077872404911,11.2703984290654,11.5562318274972,24.3554812374109,1.56678142958002,5.74021787653388
PA0430,9.52836312842946,8.79895514191933,4.30150996625839,15.1055870259793,1.72891159791477,5.09844978171557
PA0431,5.76633811969074,4.31014991330855,2.15499465024944,7.66930591961055,1.1600083608384,2.65687740959911
PA0432,31.8898372741081,27.5498926995017,13.5444043828053,45.7782929576024,6.08991713691415,15.766278811874
PA0433,30.458590779719,25.6105840012781,18.0553713310274,55.7739809003902,8.65136421406143,14.1744240847245
PA0434,14.4885066814909,13.4548902779051,8.92018494477538,24.8635272123468,3.06816148559687,8.32893574913077
PA0435,36.6826740087408,30.2850379188922,18.0459783693201,59.4800549689559,9.35538145925177,17.7716786319316
PA0436,1.25662533800953,1.00926650302507,0.67825868358805,2.1221961302585,0.340002749394732,0.604771089584655
PA0437,33.2871355711546,27.636170443624,11.4196737258592,45.4367193045772,5.80868075847501,16.3560161710286
PA0438,43.1605765038767,52.4570779960956,27.1816316847046,111.911891258066,18.1414923942863,31.876403595804
PA0439,50.4554738632475,38.1136178231675,20.8610916851336,64.447602052735,9.80523524118398,21.9343145633298
PA0440,8.14210849997213,7.67002581040181,3.20608033128198,12.5338684188732,1.88389618783076,5.36891503940335
PA0441,19.9382975046436,19.154105382647,7.3794506171878,34.0941909631715,4.81192921401672,14.4267876147269
PA0442,7.16132371729003,9.20797871793517,9.14819744174831,NaN,NaN,NaN
PA0443,3.44549160337261,3.10769761897704,2.05425066833359,7.56159945640628,1.40474747669459,1.86512165182996
PA0444,4.57193392621912,3.47530805177181,2.20298749988454,7.0750926412778,1.14320308167601,2.06134491362222
PA0445,3.21090681703135,2.42238976900242,1.46712033547635,4.49007736201657,0.645105555059958,1.47850033446119
PA0446,3.55730936353374,3.12500889527107,2.94906342833811,6.8319123718048,0.582352692514392,1.50734196082293
PA0501,7.97403767377288,6.27843483233853,4.97332926412552,13.0871106655372,2.10843293379021,3.57813609043786
PA0502,7.1180163820408,4.78412786880716,6.30993381556284,12.7376645523717,1.10354625918201,2.31420705655583
PA0503,15.9532307031748,16.7071605888045,15.8520811997708,34.2686477711789,2.20348347656224,7.97245311600684
PA0504,9.84798192374412,7.62778050030208,4.08716193140271,14.0002280357622,2.43839744893872,5.12401719065518
PA0505,3.57126332358791,3.97063452571042,2.88944781869839,7.9024025143116,0.847840144224008,2.33545640279807
PA0506,36.5022786394688,23.018880276453,28.8226795802687,61.3677933288412,6.25096767194306,11.7636791236224
PA0507,15.0871422675289,11.0580036238174,12.1125845737096,26.6869797800991,2.50619889794575,5.46864193651708
PA0508,26.01834984815,24.5926503060297,20.8526563613935,50.0163800580028,4.05405377559517,12.1665610585905
PA0509,18.7403212538879,17.417571531294,16.4404036403264,36.8776986777353,3.32678538799004,9.49872022476584
PA0510,14.6267601603564,14.3287480458266,5.81424695211737,23.8188452333561,3.29206314711981,9.74908517839287
PA0511,59.9651527961264,52.8954828782404,24.2570840559506,96.7696264883933,14.4576433327382,37.4155424947802
PA0512,194.083487581412,162.073544912875,161.161322291982,NaN,29.1014898935893,78.4271099706761
PA0513,38.3142399967367,35.4975927841407,25.3686498144638,62.2553348013594,6.66725315573718,18.1026185273731
PA0514,32.8785477836575,28.9741931539542,21.3892560946055,NaN,5.67568425566065,16.0739862846816
PA0515,10.3945337853882,8.50494919025005,6.05681128852047,15.618905614538,1.95769425631955,4.42502376161863
PA0516,26.0921583323413,22.2184878770809,22.031267422934,47.0658922818726,4.33582728600147,11.4574480213759
PA0517,61.9168017301658,59.2552067999165,56.214387072586,126.725402331388,9.41555412254272,28.8718402960474
PA0518,29.0204451369178,25.452341539058,21.1460175912011,48.3284211917868,5.00140340284805,14.2028311264752
PA0519,2.65319809981266,2.10492458676959,1.73998247004048,4.94121709557095,0.801251894351735,1.09659007859328
PA0520,12.4132274005214,13.1411721594821,10.7444661551276,25.5587079882195,2.29293286713214,6.39143738924733
PA0521,46.5177183331506,45.131372842823,40.705593606169,94.3945123786473,6.97495403143491,21.9568472391854
PA0601,0.260346895605253,0.245011554728264,0.191743900873572,0.571076107619177,0.094131634139982,0.134777401047956
PA0602,NaN,NaN,0.04298240896147,0.09894318848137,0.005303794136715,0.026130777468425
PA0603,2.98430371557124,3.68250805298784,3.17023361622662,7.45157286028959,0.745231498802815,1.87213461411298
PA0604,NaN,NaN,18.6125477352001,NaN,8.25950623908067,13.4272227917909
PA0605,NaN,NaN,0.517887489590876,1.03524438282731,0.098854782349054,0.222012887131383
PA0606,2.16524446038859,1.93935692012642,1.48117695974992,4.50405813548812,0.760979865072777,1.04789298418874
PA0607,8.96385209489999,9.49987420496599,4.27974065149518,20.0767996754301,3.83497205019189,5.73218296344902
PA0608,0.598097110796723,0.548251227340701,0.290028386581654,1.20835513533835,0.237806933299302,0.355011576637298
PA0609,4.84573045371173,4.44685692213205,3.71408466763221,10.2828206334782,1.49778677690182,2.42790145036433
PA0610,6.27866868976884,5.99762951699391,2.71063649688591,13.1347001501283,2.65834778509181,3.57860165547793
PA0611,0.60379184520333,0.50994583286828,0.309470687622986,1.15675638418199,0.220227437529368,0.308888857012031
PA0801,4.69576615191614,3.51928477702978,2.84078499257388,7.11294823694201,NaN,NaN
PA0802,7.17226591176631,4.54318911832755,4.74941364179447,11.2191006799015,1.04302032224082,2.38908539012968
PA0803,17.5869278083326,15.581165003624,9.26179023363569,27.5156569391421,2.96368935746141,8.76881981787279
PA0804,1.96737179991112,1.33969125166825,1.3437096540017,3.12276757545313,0.292805316998289,0.686599907056756
PA0805,4.58967290735133,3.59373698012168,2.57068559975511,6.90397898311676,0.666833656107127,1.85909286888409
PA0806,10.6483141145633,8.68832449092908,7.46314915068453,18.0092895941409,1.43630012515297,4.23859147769482
PA0807,NaN,NaN,33.8697755163891,88.8568587482069,5.69109613012918,28.6259983304609
PA0808,3.85957360629674,2.63939136496477,2.6019618364692,5.79869141014824,0.423975856911,1.25367070999426
PA0809,1.51807365723802,1.10906655573202,0.803973352974254,2.2161629067081,0.343297727155354,0.669205944532039
PA0810,0.773665588121995,0.489272637832171,0.496633123634655,1.14288451696204,0.120518982521329,0.269126292561993
PA0811,5.64542624831833,3.74398162071053,3.85517761257493,9.03948297928429,0.787310211749173,1.882578487128
PA0812,4.85618164658099,3.49816273941507,3.31843675319734,7.99668611768901,0.610831733041579,1.68406639047
PA0813,1.04636610911751,0.845122869117025,0.739357394578475,1.77155443916166,0.142375865925905,0.427188732635496
PA0814,1.03282042890608,0.73308114752164,0.55317714412083,1.46665937025437,0.194613635585854,0.426783526020002
PA0815,8.98058965658239,6.1350798160332,6.78235561629214,15.2765351336852,1.55983981405635,3.10178915542087
PA0816,2.30243809532606,1.56788864560356,1.83447663604669,3.84314258403767,0.314304387882249,0.775817111892463
PA0817,2.70683753944366,1.91470558541512,1.22705180223109,3.98946095060367,0.689745805264173,1.16446418769615
PA0818,6.11856104470282,4.72985069654211,4.43424710598341,10.2156425229889,0.725297930022501,2.33964878660476
PA0901,3.14247517900432,2.65294487660649,1.96874848447651,5.10063783753386,0.434691194064989,1.3771887322008
PA0902,36.7637040599361,35.0094361777216,18.1978750358467,61.3378343779532,5.65085151892298,20.3019664582193
PA0903,16.5260211741692,14.7699451957819,8.45469555251248,27.4105443513304,2.23181712443758,7.85549459365716
PA0904,5.75729237796792,5.12070889898851,2.91120497940475,9.07095720770324,0.85562027537516,2.67809424697213
PA0905,2.32559919820952,1.73651124238863,2.41082478786998,4.1339283952319,NaN,NaN
PA0906,10.3533439157142,8.62140964086358,6.23832161447896,16.7496352313637,NaN,NaN
PA0907,13.5859040559059,11.0427622222635,7.49948450620567,21.7399877180558,2.24637050208671,5.92861478026043
PA0908,79.7049049721188,77.0555670795357,33.1343439768256,122.535721527601,14.6973469383519,47.9927752734573
PA1001,4.04776907726752,2.55684188216609,3.7459815484799,6.88136714185561,0.534208140512291,1.60827723500181
PA1002,0.55983562612108,0.446964102988015,0.609485117673148,1.11045435738535,0.074388603997856,0.261632247374737
PA1003,4.06275169471961,3.965664736011,4.22773896188976,8.0687135597591,0.621293335405181,2.19079528240406
PA1004,4.91383428429604,2.81565429878183,4.45596033503289,8.74423668894223,0.574472668000163,1.85996546510077
PA1005,8.45194921937675,5.33546126554671,8.6886933281019,NaN,1.08271146913415,3.12308993711261
PA1006,1.5918699709925,1.41343377104307,1.67599792781814,2.88395800236507,0.197616934684107,0.886239295631228
PA1007,6.53908342638422,4.63566689442817,6.21311160461625,NaN,0.876916527756451,2.63932301071757
PA1008,8.21420828432985,6.11221162146249,6.83021823193299,13.8796096384931,NaN,NaN
PA1009,2.47497907585595,1.72944733678714,2.53545197057743,4.24591452811039,NaN,NaN
PA1010,34.3377116281246,32.3468427407839,30.8981737954615,NaN,3.85935513899225,19.9613124495784
PA1011,0.565053170502064,0.441705312799649,0.651581082550345,NaN,0.083160329773548,0.266517673409641
PA1012,4.93367025073274,3.71051845105646,5.02191474677657,9.12514512508787,0.735211428785401,2.32820736637962
PA1013,2.09400440326714,1.77160054184888,1.80523474751722,3.88915126842924,0.25081790539635,1.00740343052953
PA1014,2.47330953772308,2.0631618849115,2.910706550665,5.01152319609205,0.380550178718937,1.15243465062871
PA1015,3.08273086642593,2.76135606350751,3.44308865448663,NaN,0.395772408813643,1.5875127262835
PA1016,3.30850958989727,2.91158528168276,3.38735346348052,NaN,0.672315272088024,1.60848127169496
PA1017,1.63218672488323,1.41515613581745,1.66823514136217,3.09087743573251,0.223105274396263,0.817777711544837
PA1018,13.0671356182268,8.48111349918779,9.64764005501611,21.7692653830919,1.98141144738394,4.89968737170064
PA1019,2.11761257553501,1.88989708330561,2.05249693485447,4.04683355940763,0.247599762571977,1.13744184722759
PA1020,1.13778924028656,1.03794330220648,1.25643264953554,2.24074739997364,0.151136880144444,0.591694431639634
PA1021,5.19894876849965,5.45233320008459,5.75281603565189,10.7897001502119,0.749674707124809,3.12784971554706
PA1022,5.03358146808153,5.73811947853718,5.76401757893072,11.0256329852062,0.680293193543008,3.20702793340417
PA1101,NaN,NaN,0.804438301641016,NaN,NaN,NaN
PA1102,NaN,NaN,0.722580886770474,1.33587551607026,0.096795706187779,0.279366721137414
PA1103,NaN,NaN,0.633321411282786,NaN,0.087802642349083,0.244796210539538
PA1104,NaN,NaN,0.929627958232928,NaN,0.166617863545582,0.3779767851695
PA1105,NaN,NaN,2.05485816683246,4.30736216383157,0.387943023576822,0.990193114096254
PA1106,4.69412453868921,4.92793331469417,4.70560879755619,10.4430039039964,0.917327994542741,2.42460782248648
PA1107,NaN,NaN,1.04692596224009,NaN,0.120759157282152,0.352355799711404
PA1108,NaN,1.16159047016035,0.894140207744048,2.5763554068567,0.397187592639454,0.612482286235623
PA1109,NaN,NaN,1.26671538471419,NaN,NaN,NaN
PA1110,2.25484896208964,2.16277522826474,1.40954032433402,4.45237380898505,0.680382593088595,1.30408059490747
PA1111,NaN,NaN,0.294719828674427,0.529419204704529,0.035257394600629,0.095950096800359
PA1112,2.13729350988962,1.83884791783881,2.02811894319252,4.49595983345926,0.480052059616227,0.974507081545228
PA1113,NaN,NaN,8.02142794833617,NaN,NaN,NaN
PA1114,NaN,NaN,0.542303433275489,1.15837178054812,0.134472053996192,0.224132268997996
PA1201,4.61492096185258,3.77710816516542,2.41567285454504,6.86416310057265,0.669888813839639,1.89675841315596
PA1202,6.17465648064143,5.22015967967096,2.95789631807054,8.97186380462284,0.929720430743182,2.71718165178985
PA1203,38.6011735112107,35.0125390540226,23.6276603408868,59.9628403131544,5.32874987844833,18.3791698032737
PA1204,68.2563009999515,55.1892619006852,38.9882826497372,104.481423556348,12.8796446940416,27.5739440091968
PA1205,35.3648668306442,30.8828223217153,19.9515054167276,52.5184048121447,4.52240378755395,15.6349487882561
PA1206,26.9376391276075,25.0900816256625,12.2950116110265,38.5902859624485,4.91435335893774,14.806823091033
PA1207,5.38233882910923,4.4384532857091,2.78157487119849,8.05534317367958,0.678554642260071,2.12259419535525
PA1208,12.578701468906,10.0096650684215,5.15854380349678,16.6196173948656,1.85343383734925,5.04828391118389
PA1209,1.79431980431361,1.52571633534023,0.735609596397458,2.50180904154799,0.251378400776364,0.743181556385618
PA1210,15.4231505572953,12.3233891511894,6.89793030655233,21.3727543075719,2.44147172936592,6.41143632199216
PA1211,5.86162238258263,4.57821007377245,2.2455473766387,7.76228003447026,1.12201377359746,2.5861274377835
PA1212,4.55700175498628,3.44788618883146,2.96821454360252,7.05627474027587,0.548571376022549,1.63265810241143
PA1213,1.70888344771637,1.41685418586064,1.48813732502476,3.0821025612193,0.214366293896837,0.671875346604138
PA1214,1.45249924107757,1.29903811173579,0.963794716653773,2.47894150513488,0.188602155365308,0.611722946320515
PA1215,6.29992605591877,5.04679417026457,2.64068674377576,8.94289221089004,1.27067937090641,2.94255201638055
PA1216,6.30324020771175,5.55922867457872,2.74181142892785,9.7048822056239,1.11552482503206,3.01311051732552
PA1217,12.994709220239,9.70709341565267,5.93380635844736,17.4524114827532,1.96975500672693,4.78548537175456
PA1218,24.1798185705947,18.632816315933,10.133591180816,34.6707753717197,4.72834540424379,10.014994403232
PA1219,113.459549729427,107.758972684754,61.0653053855852,190.979375827075,18.419563250861,57.1296173107099
PA1220,7.76502749582227,5.89757610088296,4.04911540585189,10.8314215613362,1.06421992587025,3.09765547296451
PA1221,6.47988130033371,5.45502901651755,2.8800582865862,9.24483840582958,1.01855449970648,2.95518343936274
PA1222,7.38708152097199,5.91720169026711,3.51077547569595,9.99453443472242,1.2193575618422,3.16373477056265
PA1301,9.54407812456429,3.20152306060882,9.33028555643812,15.4797847217402,1.2384725649353,1.38587287554515
PA1302,0.466829864540595,0.437947749441241,0.529816504191897,0.946561267403842,0.064053404620783,0.208036034091615
PA1303,0.163367354919425,0.133644507246789,0.167690072065313,0.299151902507563,0.021432574932604,0.066204748155022
PA1304,NaN,NaN,1.76386220325803,3.11249411333636,NaN,NaN
PA1305,5.9735491741937,4.81839213369289,3.38564298205984,9.59292899165715,0.793981469223738,2.36888010931644
PA1306,2.46539743540151,1.70921672231262,1.8943893717669,3.98682683389452,NaN,NaN
PA1307,1.62835527105165,1.15548396981324,1.21444070201496,2.65425106530187,0.207795928731651,0.575569270223454
PA1308,1.12215533771056,0.846713143451354,1.10051825002878,1.99646574212255,0.139523101865102,0.403905405493516
PA1309,2.17918793703689,1.35779554377312,1.75408147925934,3.71401584012807,0.263974614743711,0.60974724389844
PA1310,0.419152091122419,0.295542365184143,0.454054111711409,0.783072626550301,NaN,NaN
PA1311,3.50245753957416,2.40008544430729,2.47887447821069,5.72338939749716,0.467162141252988,1.178833663335
PA1312,0.390192728876181,0.260272905073113,0.382454982258951,0.682365613215522,NaN,NaN
PA1313,0.427614042321979,0.264222593395891,0.398873125492037,0.68460802875881,NaN,NaN
PA1314,0.923134777482421,0.870259392269774,0.947430701734461,2.06509585240578,NaN,NaN
PA1315,1.30452937442068,0.947350592937645,1.46062295783751,NaN,0.181848152811008,0.434254618766522
PA1316,1.81399551516448,1.48218259196438,2.03261887224873,NaN,0.251397600087928,0.688863521862329
PA1317,0.910563153836196,0.622957825613924,0.893394663579939,1.60163921653382,0.107942098701672,0.294538111786954
PA1318,0.448422481654698,0.318410868005906,0.452526503974639,0.867233444817859,0.056577383862661,0.148709878573062
PA1319,8.00613349101229,5.78607356310293,6.74280505755278,13.2454336743683,NaN,NaN
PA1320,1.47846531951164,1.22781348813958,1.49595111102449,2.71284979539764,0.195252648501927,0.586154417023103
PA1321,0.117005330776895,0.092587264449122,0.127531385131144,0.206525104308704,NaN,NaN
PA1322,2.95439226110687,1.82881070967427,2.03465860071243,4.78329608559181,0.356043920563393,0.862940498909659
PA1323,2.08050491014135,2.18311402266494,2.15938664444546,4.23186153699633,NaN,NaN
PA1324,0.576385754614009,0.481449580480093,0.719159309079943,1.19590428068911,0.081986188599704,0.228645276232125
PA1325,0.415921313136077,0.369335247097471,0.445837995037039,0.783480395251502,NaN,NaN
PA1326,0.948364965399806,0.809668633340021,0.89043114827291,1.66946893439515,0.120432310293108,0.393264240128085
PA1327,0.035538084566334,0.031471470589903,0.038278564433492,0.064286329948276,NaN,NaN
PA1328,0.976934934792805,0.817444189810907,0.937436311368939,1.76569367995115,NaN,NaN
PA1329,0.168118324558441,0.146021208931208,0.193073938639874,0.319657049242057,NaN,NaN
PA1330,0.310406914811968,0.255575205435701,0.33711644735749,0.606089955541343,0.042685279805163,0.12688731405014
PA1331,0.836148546412913,0.601481669574392,0.935747510741986,NaN,NaN,NaN
PA1332,0.350031168712845,0.236669700744784,0.367356458817588,0.581474657597288,NaN,NaN
PA1333,NaN,NaN,1.65305063795336,2.78947331209379,NaN,NaN
